ticker,event_id,ex_date,payment_date,value_per_share,source
ENGI3,B3-RI:eb334b751f4a9e951c47aa359e0a9f86,2016-03-01,2016-03-08,0.0572,B3 CVM 15253 full paginated cash history + https://api.mziq.com/mzfilemanager/v2/d/60f49a2d-bd8c-4fd9-95ab-bdf833097a83/c1722b44-9139-333e-3545-30dc98ed51c0?origin=2; source manifests in delivery; reconciliation 2026-09-07; ESA - Holding!D28:J28
ENGI3,B3-RI:6d8483e7e47db363292c801338271ca7,2016-08-18,2016-08-26,0.023,B3 CVM 15253 full paginated cash history + https://api.mziq.com/mzfilemanager/v2/d/60f49a2d-bd8c-4fd9-95ab-bdf833097a83/c1722b44-9139-333e-3545-30dc98ed51c0?origin=2; source manifests in delivery; reconciliation 2026-09-07; ESA - Holding!D30:J30
ENGI3,B3-RI:71ed67f252a8094ecfed9f876738ad9e,2017-02-23,2017-03-08,0.0572,B3 CVM 15253 full paginated cash history + https://api.mziq.com/mzfilemanager/v2/d/60f49a2d-bd8c-4fd9-95ab-bdf833097a83/c1722b44-9139-333e-3545-30dc98ed51c0?origin=2; source manifests in delivery; reconciliation 2026-09-07; ESA - Holding!D31:J31
ENGI3,B3-RI:ca38433ca73ced13f74c8a62afa2dfb2,2017-08-15,2017-09-01,0.056,B3 CVM 15253 full paginated cash history + https://api.mziq.com/mzfilemanager/v2/d/60f49a2d-bd8c-4fd9-95ab-bdf833097a83/c1722b44-9139-333e-3545-30dc98ed51c0?origin=2; source manifests in delivery; reconciliation 2026-09-07; ESA - Holding!D33:J33
ENGI3,B3-RI:b666d327caa97275c0e5b9e19488bd8e,2018-03-01,2018-03-08,0.1,B3 CVM 15253 full paginated cash history + https://api.mziq.com/mzfilemanager/v2/d/60f49a2d-bd8c-4fd9-95ab-bdf833097a83/c1722b44-9139-333e-3545-30dc98ed51c0?origin=2; source manifests in delivery; reconciliation 2026-09-07; ESA - Holding!D34:J34
ENGI3,B3-RI:a072046e414fea270fd2da8bd262cbac,2018-08-15,2018-09-04,0.056,B3 CVM 15253 full paginated cash history + https://api.mziq.com/mzfilemanager/v2/d/60f49a2d-bd8c-4fd9-95ab-bdf833097a83/c1722b44-9139-333e-3545-30dc98ed51c0?origin=2; source manifests in delivery; reconciliation 2026-09-07; ESA - Holding!D36:J36
ENGI3,B3-RI:24c6901e85e6f8a6c2945f6d94afa7d8,2019-02-28,2019-03-11,0.13,B3 CVM 15253 full paginated cash history + https://api.mziq.com/mzfilemanager/v2/d/60f49a2d-bd8c-4fd9-95ab-bdf833097a83/c1722b44-9139-333e-3545-30dc98ed51c0?origin=2; source manifests in delivery; reconciliation 2026-09-07; ESA - Holding!D37:J37
ENGI3,B3-RI:d22a733ca4465273a4d38c18acb6e0bc,2019-03-25,2019-04-10,0.03,B3 CVM 15253 full paginated cash history + https://api.mziq.com/mzfilemanager/v2/d/60f49a2d-bd8c-4fd9-95ab-bdf833097a83/c1722b44-9139-333e-3545-30dc98ed51c0?origin=2; source manifests in delivery; reconciliation 2026-09-07; ESA - Holding!D38:J38
ENGI3,B3-RI:02e67223103dbe4c1598797e8a6d508e,2019-08-14,2019-08-23,0.056,B3 CVM 15253 full paginated cash history + https://api.mziq.com/mzfilemanager/v2/d/60f49a2d-bd8c-4fd9-95ab-bdf833097a83/c1722b44-9139-333e-3545-30dc98ed51c0?origin=2; source manifests in delivery; reconciliation 2026-09-07; ESA - Holding!D40:J40
ENGI3,B3-RI:361326068a652b17f79d9928a859c422,2020-02-28,2020-04-03,0.064,B3 CVM 15253 full paginated cash history + https://api.mziq.com/mzfilemanager/v2/d/60f49a2d-bd8c-4fd9-95ab-bdf833097a83/c1722b44-9139-333e-3545-30dc98ed51c0?origin=2; source manifests in delivery; reconciliation 2026-09-07; ESA - Holding!D41:J41
ENGI3,B3-RI:44bb258d00a932a024c2a0c1d7502bde,2020-08-19,2020-08-26,0.056,B3 CVM 15253 full paginated cash history + https://api.mziq.com/mzfilemanager/v2/d/60f49a2d-bd8c-4fd9-95ab-bdf833097a83/c1722b44-9139-333e-3545-30dc98ed51c0?origin=2; source manifests in delivery; reconciliation 2026-09-07; ESA - Holding!D43:J43
ENGI3,B3-RI:fa9de287850ec3d74bff6487984e87c2,2021-03-22,2021-03-30,0.22,B3 CVM 15253 full paginated cash history + https://api.mziq.com/mzfilemanager/v2/d/60f49a2d-bd8c-4fd9-95ab-bdf833097a83/c1722b44-9139-333e-3545-30dc98ed51c0?origin=2; source manifests in delivery; reconciliation 2026-09-07; ESA - Holding!D44:J44
ENGI3,B3-RI:885b4f9eb617d4794317c6a621987c00,2021-08-18,2021-09-29,0.13,B3 CVM 15253 full paginated cash history + https://api.mziq.com/mzfilemanager/v2/d/60f49a2d-bd8c-4fd9-95ab-bdf833097a83/c1722b44-9139-333e-3545-30dc98ed51c0?origin=2; source manifests in delivery; reconciliation 2026-09-07; ESA - Holding!D46:J46
ENGI3,B3-RI:01fec68c0aaf8377451168ec275a01df,2022-01-03,2022-03-02,0.44,B3 CVM 15253 full paginated cash history + https://api.mziq.com/mzfilemanager/v2/d/60f49a2d-bd8c-4fd9-95ab-bdf833097a83/c1722b44-9139-333e-3545-30dc98ed51c0?origin=2; source manifests in delivery; reconciliation 2026-09-07; ESA - Holding!D47:J47
ENGI3,B3-RI:0b5a8a9b407b77dee7ef21d7da6c66e3,2022-08-24,2022-09-01,0.232,B3 CVM 15253 full paginated cash history + https://api.mziq.com/mzfilemanager/v2/d/60f49a2d-bd8c-4fd9-95ab-bdf833097a83/c1722b44-9139-333e-3545-30dc98ed51c0?origin=2; source manifests in delivery; reconciliation 2026-09-07; ESA - Holding!D49:J49
ENGI3,B3-RI:ea54c6ea26c909227eac5f71d593684d,2023-03-22,2023-03-30,0.16,B3 CVM 15253 full paginated cash history + https://api.mziq.com/mzfilemanager/v2/d/60f49a2d-bd8c-4fd9-95ab-bdf833097a83/c1722b44-9139-333e-3545-30dc98ed51c0?origin=2; source manifests in delivery; reconciliation 2026-09-07; ESA - Holding!D50:J50
ENGI3,B3-RI:cb578485fd44b4d831de6fa19bb7586a,2023-08-16,2023-08-29,0.14,B3 CVM 15253 full paginated cash history + https://api.mziq.com/mzfilemanager/v2/d/60f49a2d-bd8c-4fd9-95ab-bdf833097a83/c1722b44-9139-333e-3545-30dc98ed51c0?origin=2; source manifests in delivery; reconciliation 2026-09-07; ESA - Holding!D52:J52
ENGI3,B3-RI:77007eabbc5e82cefc95b8dee005adce,2024-01-02,2024-01-12,0.2,B3 CVM 15253 full paginated cash history + https://api.mziq.com/mzfilemanager/v2/d/60f49a2d-bd8c-4fd9-95ab-bdf833097a83/c1722b44-9139-333e-3545-30dc98ed51c0?origin=2; source manifests in delivery; reconciliation 2026-09-07; ESA - Holding!D53:J53
ENGI3,B3-RI:124ae1a63ff029c36f4a08604ebcb98e,2024-08-13,2024-08-28,0.2,B3 CVM 15253 full paginated cash history + https://api.mziq.com/mzfilemanager/v2/d/60f49a2d-bd8c-4fd9-95ab-bdf833097a83/c1722b44-9139-333e-3545-30dc98ed51c0?origin=2; source manifests in delivery; reconciliation 2026-09-07; ESA - Holding!D55:J55
ENGI3,B3-RI:c79ab12ad25d0e260b6489cda87caf3c,2025-02-26,2025-03-28,0.38,B3 CVM 15253 full paginated cash history + https://api.mziq.com/mzfilemanager/v2/d/60f49a2d-bd8c-4fd9-95ab-bdf833097a83/c1722b44-9139-333e-3545-30dc98ed51c0?origin=2; source manifests in delivery; reconciliation 2026-09-07; ESA - Holding!D56:J56
ENGI3,B3-RI:7d07575ccfde2102b079fd52bd3ebe46,2025-08-13,2025-09-26,0.2,B3 CVM 15253 full paginated cash history + https://api.mziq.com/mzfilemanager/v2/d/60f49a2d-bd8c-4fd9-95ab-bdf833097a83/c1722b44-9139-333e-3545-30dc98ed51c0?origin=2; source manifests in delivery; reconciliation 2026-09-07; ESA - Holding!D58:J58
ENGI3,B3-RI:9595f6ae1258c4cbef66977ad49b6ced,2025-11-27,2025-12-19,0.14023106424,B3 CVM 15253 full paginated cash history + https://api.mziq.com/mzfilemanager/v2/d/60f49a2d-bd8c-4fd9-95ab-bdf833097a83/c1722b44-9139-333e-3545-30dc98ed51c0?origin=2; source manifests in delivery; reconciliation 2026-09-07; ESA - Holding!D59:J59
ENGI3,B3-RI:a1625497574120379f6901cdfda20a2c,2026-08-12,2026-08-24,0.1,B3 CVM 15253 full paginated cash history + https://api.mziq.com/mzfilemanager/v2/d/60f49a2d-bd8c-4fd9-95ab-bdf833097a83/c1722b44-9139-333e-3545-30dc98ed51c0?origin=2; source manifests in delivery; reconciliation 2026-09-07; ESA - Holding!D61:J61
ENGI4,B3-RI:4719e028342c29992c63a1784ea4b56e,2016-03-01,2016-03-08,0.0572,B3 CVM 15253 full paginated cash history + https://api.mziq.com/mzfilemanager/v2/d/60f49a2d-bd8c-4fd9-95ab-bdf833097a83/c1722b44-9139-333e-3545-30dc98ed51c0?origin=2; source manifests in delivery; reconciliation 2026-09-07; ESA - Holding!D28:J28
ENGI4,B3-RI:cbecc1ade65dc61ccfd57fc0d53adf2e,2016-08-18,2016-08-26,0.023,B3 CVM 15253 full paginated cash history + https://api.mziq.com/mzfilemanager/v2/d/60f49a2d-bd8c-4fd9-95ab-bdf833097a83/c1722b44-9139-333e-3545-30dc98ed51c0?origin=2; source manifests in delivery; reconciliation 2026-09-07; ESA - Holding!D30:J30
ENGI4,B3-RI:c351fa29c94d66c992cdd9772b687df5,2017-02-23,2017-03-08,0.0572,B3 CVM 15253 full paginated cash history + https://api.mziq.com/mzfilemanager/v2/d/60f49a2d-bd8c-4fd9-95ab-bdf833097a83/c1722b44-9139-333e-3545-30dc98ed51c0?origin=2; source manifests in delivery; reconciliation 2026-09-07; ESA - Holding!D31:J31
ENGI4,B3-RI:0f8a0ef360652601de4403622930d611,2017-08-15,2017-09-01,0.056,B3 CVM 15253 full paginated cash history + https://api.mziq.com/mzfilemanager/v2/d/60f49a2d-bd8c-4fd9-95ab-bdf833097a83/c1722b44-9139-333e-3545-30dc98ed51c0?origin=2; source manifests in delivery; reconciliation 2026-09-07; ESA - Holding!D33:J33
ENGI4,B3-RI:2c280eb879106306fb3edc64e185801c,2018-03-01,2018-03-08,0.1,B3 CVM 15253 full paginated cash history + https://api.mziq.com/mzfilemanager/v2/d/60f49a2d-bd8c-4fd9-95ab-bdf833097a83/c1722b44-9139-333e-3545-30dc98ed51c0?origin=2; source manifests in delivery; reconciliation 2026-09-07; ESA - Holding!D34:J34
ENGI4,B3-RI:9c009b62f9b1fe1af4697d664f33375d,2018-08-15,2018-09-04,0.056,B3 CVM 15253 full paginated cash history + https://api.mziq.com/mzfilemanager/v2/d/60f49a2d-bd8c-4fd9-95ab-bdf833097a83/c1722b44-9139-333e-3545-30dc98ed51c0?origin=2; source manifests in delivery; reconciliation 2026-09-07; ESA - Holding!D36:J36
ENGI4,B3-RI:8782b071e01aad2014f40e5898ea505a,2019-02-28,2019-03-11,0.13,B3 CVM 15253 full paginated cash history + https://api.mziq.com/mzfilemanager/v2/d/60f49a2d-bd8c-4fd9-95ab-bdf833097a83/c1722b44-9139-333e-3545-30dc98ed51c0?origin=2; source manifests in delivery; reconciliation 2026-09-07; ESA - Holding!D37:J37
ENGI4,B3-RI:3cc67129e2232689d394f4bfa52b1075,2019-03-25,2019-04-10,0.03,B3 CVM 15253 full paginated cash history + https://api.mziq.com/mzfilemanager/v2/d/60f49a2d-bd8c-4fd9-95ab-bdf833097a83/c1722b44-9139-333e-3545-30dc98ed51c0?origin=2; source manifests in delivery; reconciliation 2026-09-07; ESA - Holding!D38:J38
ENGI4,B3-RI:f0869116d9a73bda8e09b27a76ba4022,2019-08-14,2019-08-23,0.056,B3 CVM 15253 full paginated cash history + https://api.mziq.com/mzfilemanager/v2/d/60f49a2d-bd8c-4fd9-95ab-bdf833097a83/c1722b44-9139-333e-3545-30dc98ed51c0?origin=2; source manifests in delivery; reconciliation 2026-09-07; ESA - Holding!D40:J40
ENGI4,B3-RI:7b0d9be160162820e5ce2aa9066d119f,2020-02-28,2020-04-03,0.064,B3 CVM 15253 full paginated cash history + https://api.mziq.com/mzfilemanager/v2/d/60f49a2d-bd8c-4fd9-95ab-bdf833097a83/c1722b44-9139-333e-3545-30dc98ed51c0?origin=2; source manifests in delivery; reconciliation 2026-09-07; ESA - Holding!D41:J41
ENGI4,B3-RI:5dbcecee9ad7ebdfc622340ae6aae7aa,2020-08-19,2020-08-26,0.056,B3 CVM 15253 full paginated cash history + https://api.mziq.com/mzfilemanager/v2/d/60f49a2d-bd8c-4fd9-95ab-bdf833097a83/c1722b44-9139-333e-3545-30dc98ed51c0?origin=2; source manifests in delivery; reconciliation 2026-09-07; ESA - Holding!D43:J43
ENGI4,B3-RI:87876f2428e8e9a4acfc718c0301aa71,2021-03-22,2021-03-30,0.22,B3 CVM 15253 full paginated cash history + https://api.mziq.com/mzfilemanager/v2/d/60f49a2d-bd8c-4fd9-95ab-bdf833097a83/c1722b44-9139-333e-3545-30dc98ed51c0?origin=2; source manifests in delivery; reconciliation 2026-09-07; ESA - Holding!D44:J44
ENGI4,B3-RI:130240877b12c93b41bf0569f621ccc6,2021-08-18,2021-09-29,0.13,B3 CVM 15253 full paginated cash history + https://api.mziq.com/mzfilemanager/v2/d/60f49a2d-bd8c-4fd9-95ab-bdf833097a83/c1722b44-9139-333e-3545-30dc98ed51c0?origin=2; source manifests in delivery; reconciliation 2026-09-07; ESA - Holding!D46:J46
ENGI4,B3-RI:a4a858c22e6313bcac47b9dd60658e73,2022-01-03,2022-03-02,0.44,B3 CVM 15253 full paginated cash history + https://api.mziq.com/mzfilemanager/v2/d/60f49a2d-bd8c-4fd9-95ab-bdf833097a83/c1722b44-9139-333e-3545-30dc98ed51c0?origin=2; source manifests in delivery; reconciliation 2026-09-07; ESA - Holding!D47:J47
ENGI4,B3-RI:44ef4b3bf602b5b2f1ab5e1d55d29f90,2022-08-24,2022-09-01,0.232,B3 CVM 15253 full paginated cash history + https://api.mziq.com/mzfilemanager/v2/d/60f49a2d-bd8c-4fd9-95ab-bdf833097a83/c1722b44-9139-333e-3545-30dc98ed51c0?origin=2; source manifests in delivery; reconciliation 2026-09-07; ESA - Holding!D49:J49
ENGI4,B3-RI:bd9f3114a4fbcef456ac3abb6308d3da,2023-03-22,2023-03-30,0.16,B3 CVM 15253 full paginated cash history + https://api.mziq.com/mzfilemanager/v2/d/60f49a2d-bd8c-4fd9-95ab-bdf833097a83/c1722b44-9139-333e-3545-30dc98ed51c0?origin=2; source manifests in delivery; reconciliation 2026-09-07; ESA - Holding!D50:J50
ENGI4,B3-RI:af06e0993bae75d331892afc0c7adef8,2023-08-16,2023-08-29,0.14,B3 CVM 15253 full paginated cash history + https://api.mziq.com/mzfilemanager/v2/d/60f49a2d-bd8c-4fd9-95ab-bdf833097a83/c1722b44-9139-333e-3545-30dc98ed51c0?origin=2; source manifests in delivery; reconciliation 2026-09-07; ESA - Holding!D52:J52
ENGI4,B3-RI:1d6e55c7ca678de910e9066981669ef3,2024-01-02,2024-01-12,0.2,B3 CVM 15253 full paginated cash history + https://api.mziq.com/mzfilemanager/v2/d/60f49a2d-bd8c-4fd9-95ab-bdf833097a83/c1722b44-9139-333e-3545-30dc98ed51c0?origin=2; source manifests in delivery; reconciliation 2026-09-07; ESA - Holding!D53:J53
ENGI4,B3-RI:e6e1c3bc8cc8ae909e2abb7a5e7b9199,2024-08-13,2024-08-28,0.2,B3 CVM 15253 full paginated cash history + https://api.mziq.com/mzfilemanager/v2/d/60f49a2d-bd8c-4fd9-95ab-bdf833097a83/c1722b44-9139-333e-3545-30dc98ed51c0?origin=2; source manifests in delivery; reconciliation 2026-09-07; ESA - Holding!D55:J55
ENGI4,B3-RI:b51f90ac0d5ca5aa4fb945d5c7fadb5c,2025-02-26,2025-03-28,0.38,B3 CVM 15253 full paginated cash history + https://api.mziq.com/mzfilemanager/v2/d/60f49a2d-bd8c-4fd9-95ab-bdf833097a83/c1722b44-9139-333e-3545-30dc98ed51c0?origin=2; source manifests in delivery; reconciliation 2026-09-07; ESA - Holding!D56:J56
ENGI4,B3-RI:9a4f806827bc242274a72fbb659869c7,2025-08-13,2025-09-26,0.2,B3 CVM 15253 full paginated cash history + https://api.mziq.com/mzfilemanager/v2/d/60f49a2d-bd8c-4fd9-95ab-bdf833097a83/c1722b44-9139-333e-3545-30dc98ed51c0?origin=2; source manifests in delivery; reconciliation 2026-09-07; ESA - Holding!D58:J58
ENGI4,B3-RI:46cf8ea078c0f4af28dca8d140005315,2025-11-27,2025-12-19,0.14023106424,B3 CVM 15253 full paginated cash history + https://api.mziq.com/mzfilemanager/v2/d/60f49a2d-bd8c-4fd9-95ab-bdf833097a83/c1722b44-9139-333e-3545-30dc98ed51c0?origin=2; source manifests in delivery; reconciliation 2026-09-07; ESA - Holding!D59:J59
ENGI4,B3-RI:382d44d23022adb3cd1c77bee547263a,2026-08-12,2026-08-24,0.1,B3 CVM 15253 full paginated cash history + https://api.mziq.com/mzfilemanager/v2/d/60f49a2d-bd8c-4fd9-95ab-bdf833097a83/c1722b44-9139-333e-3545-30dc98ed51c0?origin=2; source manifests in delivery; reconciliation 2026-09-07; ESA - Holding!D61:J61
ENGI11,B3-RI:609a07187ce95c85fcb2be05657808ce,2016-03-01,2016-03-08,0.286,B3 CVM 15253 full paginated cash history + https://api.mziq.com/mzfilemanager/v2/d/60f49a2d-bd8c-4fd9-95ab-bdf833097a83/c1722b44-9139-333e-3545-30dc98ed51c0?origin=2; source manifests in delivery; reconciliation 2026-09-07; ESA - Holding!D28:J28
ENGI11,B3-RI:fd7c88a5162aefd3d77f65c2757c331a,2016-08-18,2016-08-26,0.115,B3 CVM 15253 full paginated cash history + https://api.mziq.com/mzfilemanager/v2/d/60f49a2d-bd8c-4fd9-95ab-bdf833097a83/c1722b44-9139-333e-3545-30dc98ed51c0?origin=2; source manifests in delivery; reconciliation 2026-09-07; ESA - Holding!D30:J30
ENGI11,B3-RI:d4bbbc18f1d1452046bad9ffa1d19d27,2017-02-23,2017-03-08,0.286,B3 CVM 15253 full paginated cash history + https://api.mziq.com/mzfilemanager/v2/d/60f49a2d-bd8c-4fd9-95ab-bdf833097a83/c1722b44-9139-333e-3545-30dc98ed51c0?origin=2; source manifests in delivery; reconciliation 2026-09-07; ESA - Holding!D31:J31
ENGI11,B3-RI:52acd77e506562b7892f373e7ebaa405,2017-08-15,2017-09-01,0.28,B3 CVM 15253 full paginated cash history + https://api.mziq.com/mzfilemanager/v2/d/60f49a2d-bd8c-4fd9-95ab-bdf833097a83/c1722b44-9139-333e-3545-30dc98ed51c0?origin=2; source manifests in delivery; reconciliation 2026-09-07; ESA - Holding!D33:J33
ENGI11,B3-RI:4d5456636907bfb058ffcaa665a0d30c,2018-03-01,2018-03-08,0.5,B3 CVM 15253 full paginated cash history + https://api.mziq.com/mzfilemanager/v2/d/60f49a2d-bd8c-4fd9-95ab-bdf833097a83/c1722b44-9139-333e-3545-30dc98ed51c0?origin=2; source manifests in delivery; reconciliation 2026-09-07; ESA - Holding!D34:J34
ENGI11,B3-RI:6a609c60eb36b6f04dc365fde4a8d282,2018-08-15,2018-09-04,0.28,B3 CVM 15253 full paginated cash history + https://api.mziq.com/mzfilemanager/v2/d/60f49a2d-bd8c-4fd9-95ab-bdf833097a83/c1722b44-9139-333e-3545-30dc98ed51c0?origin=2; source manifests in delivery; reconciliation 2026-09-07; ESA - Holding!D36:J36
ENGI11,B3-RI:c72ab6be290f3a6835ac9a573e5a6cef,2019-02-28,2019-03-11,0.65,B3 CVM 15253 full paginated cash history + https://api.mziq.com/mzfilemanager/v2/d/60f49a2d-bd8c-4fd9-95ab-bdf833097a83/c1722b44-9139-333e-3545-30dc98ed51c0?origin=2; source manifests in delivery; reconciliation 2026-09-07; ESA - Holding!D37:J37
ENGI11,B3-RI:37fde908e95350cc0d890ffc82c6d594,2019-03-25,2019-04-10,0.15,B3 CVM 15253 full paginated cash history + https://api.mziq.com/mzfilemanager/v2/d/60f49a2d-bd8c-4fd9-95ab-bdf833097a83/c1722b44-9139-333e-3545-30dc98ed51c0?origin=2; source manifests in delivery; reconciliation 2026-09-07; ESA - Holding!D38:J38
ENGI11,B3-RI:53d2505838bc7dd13f0e94aad400cc7f,2019-08-14,2019-08-23,0.28,B3 CVM 15253 full paginated cash history + https://api.mziq.com/mzfilemanager/v2/d/60f49a2d-bd8c-4fd9-95ab-bdf833097a83/c1722b44-9139-333e-3545-30dc98ed51c0?origin=2; source manifests in delivery; reconciliation 2026-09-07; ESA - Holding!D40:J40
ENGI11,B3-RI:3ad1afb8f674675559bdeffcb0ff9059,2020-02-28,2020-04-03,0.32,B3 CVM 15253 full paginated cash history + https://api.mziq.com/mzfilemanager/v2/d/60f49a2d-bd8c-4fd9-95ab-bdf833097a83/c1722b44-9139-333e-3545-30dc98ed51c0?origin=2; source manifests in delivery; reconciliation 2026-09-07; ESA - Holding!D41:J41
ENGI11,B3-RI:ae110f0403a7d1d83aa10f259c84e83f,2020-08-19,2020-08-26,0.28,B3 CVM 15253 full paginated cash history + https://api.mziq.com/mzfilemanager/v2/d/60f49a2d-bd8c-4fd9-95ab-bdf833097a83/c1722b44-9139-333e-3545-30dc98ed51c0?origin=2; source manifests in delivery; reconciliation 2026-09-07; ESA - Holding!D43:J43
ENGI11,B3-RI:909525bb3cef15b4887d55bc77e10105,2021-03-22,2021-03-30,1.1,B3 CVM 15253 full paginated cash history + https://api.mziq.com/mzfilemanager/v2/d/60f49a2d-bd8c-4fd9-95ab-bdf833097a83/c1722b44-9139-333e-3545-30dc98ed51c0?origin=2; source manifests in delivery; reconciliation 2026-09-07; ESA - Holding!D44:J44
ENGI11,B3-RI:daf84974a28c1d193befb41dfcfb420a,2021-08-18,2021-09-29,0.65,B3 CVM 15253 full paginated cash history + https://api.mziq.com/mzfilemanager/v2/d/60f49a2d-bd8c-4fd9-95ab-bdf833097a83/c1722b44-9139-333e-3545-30dc98ed51c0?origin=2; source manifests in delivery; reconciliation 2026-09-07; ESA - Holding!D46:J46
ENGI11,B3-RI:0c1766ff11dfadb1bd9bdf69b555cca7,2022-01-03,2022-03-02,2.2,B3 CVM 15253 full paginated cash history + https://api.mziq.com/mzfilemanager/v2/d/60f49a2d-bd8c-4fd9-95ab-bdf833097a83/c1722b44-9139-333e-3545-30dc98ed51c0?origin=2; source manifests in delivery; reconciliation 2026-09-07; ESA - Holding!D47:J47
ENGI11,B3-RI:3c10a669f9b375ac06ad0e62d961d65d,2022-08-24,2022-09-01,1.16,B3 CVM 15253 full paginated cash history + https://api.mziq.com/mzfilemanager/v2/d/60f49a2d-bd8c-4fd9-95ab-bdf833097a83/c1722b44-9139-333e-3545-30dc98ed51c0?origin=2; source manifests in delivery; reconciliation 2026-09-07; ESA - Holding!D49:J49
ENGI11,B3-RI:75fa44d92112bee47ca22b6579f09b96,2023-03-22,2023-03-30,0.8,B3 CVM 15253 full paginated cash history + https://api.mziq.com/mzfilemanager/v2/d/60f49a2d-bd8c-4fd9-95ab-bdf833097a83/c1722b44-9139-333e-3545-30dc98ed51c0?origin=2; source manifests in delivery; reconciliation 2026-09-07; ESA - Holding!D50:J50
ENGI11,B3-RI:838fbb5d48e5a53d65ce2755b36deef1,2023-08-16,2023-08-29,0.7,B3 CVM 15253 full paginated cash history + https://api.mziq.com/mzfilemanager/v2/d/60f49a2d-bd8c-4fd9-95ab-bdf833097a83/c1722b44-9139-333e-3545-30dc98ed51c0?origin=2; source manifests in delivery; reconciliation 2026-09-07; ESA - Holding!D52:J52
ENGI11,B3-RI:28cdcd4a9c4e7c4ebf37bc8e2b45629e,2024-01-02,2024-01-12,1,B3 CVM 15253 full paginated cash history + https://api.mziq.com/mzfilemanager/v2/d/60f49a2d-bd8c-4fd9-95ab-bdf833097a83/c1722b44-9139-333e-3545-30dc98ed51c0?origin=2; source manifests in delivery; reconciliation 2026-09-07; ESA - Holding!D53:J53
ENGI11,B3-RI:6350d44f7cfc0e816e91b76cb8d93959,2024-08-13,2024-08-28,1,B3 CVM 15253 full paginated cash history + https://api.mziq.com/mzfilemanager/v2/d/60f49a2d-bd8c-4fd9-95ab-bdf833097a83/c1722b44-9139-333e-3545-30dc98ed51c0?origin=2; source manifests in delivery; reconciliation 2026-09-07; ESA - Holding!D55:J55
ENGI11,B3-RI:df3972eece3a8077a245ec9ba26fdd56,2025-02-26,2025-03-28,1.9,B3 CVM 15253 full paginated cash history + https://api.mziq.com/mzfilemanager/v2/d/60f49a2d-bd8c-4fd9-95ab-bdf833097a83/c1722b44-9139-333e-3545-30dc98ed51c0?origin=2; source manifests in delivery; reconciliation 2026-09-07; ESA - Holding!D56:J56
ENGI11,B3-RI:1d3f41df2bf80a1816f5a954428833a8,2025-08-13,2025-09-26,1,B3 CVM 15253 full paginated cash history + https://api.mziq.com/mzfilemanager/v2/d/60f49a2d-bd8c-4fd9-95ab-bdf833097a83/c1722b44-9139-333e-3545-30dc98ed51c0?origin=2; source manifests in delivery; reconciliation 2026-09-07; ESA - Holding!D58:J58
ENGI11,B3-RI:23db4f053939a028fc252b7a1981c3cc,2025-11-27,2025-12-19,0.70115532118,B3 CVM 15253 full paginated cash history + https://api.mziq.com/mzfilemanager/v2/d/60f49a2d-bd8c-4fd9-95ab-bdf833097a83/c1722b44-9139-333e-3545-30dc98ed51c0?origin=2; source manifests in delivery; reconciliation 2026-09-07; ESA - Holding!D59:J59
ENGI11,B3-RI:b30c512f427e0b17b93cd58bea7c9727,2026-08-12,2026-08-24,0.5,B3 CVM 15253 full paginated cash history + https://api.mziq.com/mzfilemanager/v2/d/60f49a2d-bd8c-4fd9-95ab-bdf833097a83/c1722b44-9139-333e-3545-30dc98ed51c0?origin=2; source manifests in delivery; reconciliation 2026-09-07; ESA - Holding!D61:J61
ABEV3,B3-RI:56264da0329791262d90d1cb70674517,2025-12-19,2026-04-06,0.075,B3 CVM 23264 full paginated cash history + https://api.mziq.com/mzfilemanager/v2/d/c8182463-4b7e-408c-9d0f-42797662435e/24107927-8c3d-7046-8ae8-b2c677b4ed63?origin=2; source manifests in delivery; reconciliation 2026-09-07; Ambev S.A.!A42:G42
ABEV3,B3-RI:e8b039d57f25aa838a170cd84d5cb482,2025-12-19,2026-07-06,0.0755,B3 CVM 23264 full paginated cash history + https://api.mziq.com/mzfilemanager/v2/d/c8182463-4b7e-408c-9d0f-42797662435e/24107927-8c3d-7046-8ae8-b2c677b4ed63?origin=2; source manifests in delivery; reconciliation 2026-09-07; Ambev S.A.!A43:G43
ABEV3,B3-RI:08baefcc7904ccab13117e2c23b105f0,2025-12-19,2026-10-06,0.1185,B3 CVM 23264 full paginated cash history + https://api.mziq.com/mzfilemanager/v2/d/c8182463-4b7e-408c-9d0f-42797662435e/24107927-8c3d-7046-8ae8-b2c677b4ed63?origin=2; source manifests in delivery; reconciliation 2026-09-07; Ambev S.A.!A44:G44
ABEV3,B3-RI:b5736353c77e46987f9bf9a88b703c79,2016-02-01,2016-02-29,0.13,B3 CVM 23264 full paginated cash history + https://api.mziq.com/mzfilemanager/v2/d/c8182463-4b7e-408c-9d0f-42797662435e/24107927-8c3d-7046-8ae8-b2c677b4ed63?origin=2; source manifests in delivery; reconciliation 2026-09-07; Ambev S.A.!A19:G19
ABEV3,B3-RI:fc2aed841f2c4d0e83723b21a7489f2c,2016-07-12,2016-07-29,0.13,B3 CVM 23264 full paginated cash history + https://api.mziq.com/mzfilemanager/v2/d/c8182463-4b7e-408c-9d0f-42797662435e/24107927-8c3d-7046-8ae8-b2c677b4ed63?origin=2; source manifests in delivery; reconciliation 2026-09-07; Ambev S.A.!A20:G20
ABEV3,B3-RI:65a876c82eabfe25a4268ef81c2272c9,2016-11-01,2016-11-25,0.16,B3 CVM 23264 full paginated cash history + https://api.mziq.com/mzfilemanager/v2/d/c8182463-4b7e-408c-9d0f-42797662435e/24107927-8c3d-7046-8ae8-b2c677b4ed63?origin=2; source manifests in delivery; reconciliation 2026-09-07; Ambev S.A.!A21:G21
ABEV3,B3-RI:f6407d55dee441f458af7e44b085f1c9,2016-12-22,2016-12-29,0.22,B3 CVM 23264 full paginated cash history + https://api.mziq.com/mzfilemanager/v2/d/c8182463-4b7e-408c-9d0f-42797662435e/24107927-8c3d-7046-8ae8-b2c677b4ed63?origin=2; source manifests in delivery; reconciliation 2026-09-07; Ambev S.A.!A22:G22
ABEV3,B3-RI:53c0a141751694dda9c380949d58b894,2017-01-24,2017-02-23,0.07,B3 CVM 23264 full paginated cash history + https://api.mziq.com/mzfilemanager/v2/d/c8182463-4b7e-408c-9d0f-42797662435e/24107927-8c3d-7046-8ae8-b2c677b4ed63?origin=2; source manifests in delivery; reconciliation 2026-09-07; Ambev S.A.!A23:G23
ABEV3,B3-RI:3d49fa7745773c261f3a3f94159b107c,2017-06-26,2017-07-17,0.16,B3 CVM 23264 full paginated cash history + https://api.mziq.com/mzfilemanager/v2/d/c8182463-4b7e-408c-9d0f-42797662435e/24107927-8c3d-7046-8ae8-b2c677b4ed63?origin=2; source manifests in delivery; reconciliation 2026-09-07; Ambev S.A.!A24:G24
ABEV3,B3-RI:912d1cc284166aaa2e4aa39bddf28b22,2017-12-19,2017-12-28,0.31,B3 CVM 23264 full paginated cash history + https://api.mziq.com/mzfilemanager/v2/d/c8182463-4b7e-408c-9d0f-42797662435e/24107927-8c3d-7046-8ae8-b2c677b4ed63?origin=2; source manifests in delivery; reconciliation 2026-09-07; Ambev S.A.!A25:G25
ABEV3,B3-RI:26af871f6669b37142a181769ca5a6e0,2018-02-01,2018-02-22,0.07,B3 CVM 23264 full paginated cash history + https://api.mziq.com/mzfilemanager/v2/d/c8182463-4b7e-408c-9d0f-42797662435e/24107927-8c3d-7046-8ae8-b2c677b4ed63?origin=2; source manifests in delivery; reconciliation 2026-09-07; Ambev S.A.!A26:G26
ABEV3,B3-RI:6ae8ba3790f369ef06ecea18120c345d,2018-06-18,2018-07-30,0.16,B3 CVM 23264 full paginated cash history + https://api.mziq.com/mzfilemanager/v2/d/c8182463-4b7e-408c-9d0f-42797662435e/24107927-8c3d-7046-8ae8-b2c677b4ed63?origin=2; source manifests in delivery; reconciliation 2026-09-07; Ambev S.A.!A27:G27
ABEV3,B3-RI:8b4e5ef3ecaf11142040c3d5769a2cae,2018-12-19,2018-12-28,0.32,B3 CVM 23264 full paginated cash history + https://api.mziq.com/mzfilemanager/v2/d/c8182463-4b7e-408c-9d0f-42797662435e/24107927-8c3d-7046-8ae8-b2c677b4ed63?origin=2; source manifests in delivery; reconciliation 2026-09-07; Ambev S.A.!A28:G28
ABEV3,B3-RI:2ba0dbf03bb734bc889db5ae819604e8,2019-12-20,2019-12-30,0.4906,B3 CVM 23264 full paginated cash history + https://api.mziq.com/mzfilemanager/v2/d/c8182463-4b7e-408c-9d0f-42797662435e/24107927-8c3d-7046-8ae8-b2c677b4ed63?origin=2; source manifests in delivery; reconciliation 2026-09-07; Ambev S.A.!A29:G29
ABEV3,B3-RI:87308ecec8148771fbb2626d012189e1,2020-12-18,2020-12-30,0.4137,B3 CVM 23264 full paginated cash history + https://api.mziq.com/mzfilemanager/v2/d/c8182463-4b7e-408c-9d0f-42797662435e/24107927-8c3d-7046-8ae8-b2c677b4ed63?origin=2; source manifests in delivery; reconciliation 2026-09-07; Ambev S.A.!A30:G30
ABEV3,B3-RI:599fc34c68e999f4700a3dc58e4aef5e,2021-01-14,2021-01-28,0.0767,B3 CVM 23264 full paginated cash history + https://api.mziq.com/mzfilemanager/v2/d/c8182463-4b7e-408c-9d0f-42797662435e/24107927-8c3d-7046-8ae8-b2c677b4ed63?origin=2; source manifests in delivery; reconciliation 2026-09-07; Ambev S.A.!A31:G31
ABEV3,B3-RI:fd80ea994ef7fc9b4e4bbedd11135d2f,2021-12-20,2021-12-30,0.1334,B3 CVM 23264 full paginated cash history + https://api.mziq.com/mzfilemanager/v2/d/c8182463-4b7e-408c-9d0f-42797662435e/24107927-8c3d-7046-8ae8-b2c677b4ed63?origin=2; source manifests in delivery; reconciliation 2026-09-07; Ambev S.A.!A32:G32
ABEV3,B3-RI:14fb17a1f278809358c602a330094f4a,2021-12-20,2021-12-30,0.4702,B3 CVM 23264 full paginated cash history + https://api.mziq.com/mzfilemanager/v2/d/c8182463-4b7e-408c-9d0f-42797662435e/24107927-8c3d-7046-8ae8-b2c677b4ed63?origin=2; source manifests in delivery; reconciliation 2026-09-07; Ambev S.A.!A33:G33
ABEV3,B3-RI:72f4fb104adf399d5dc145e042572ac1,2022-12-20,2022-12-29,0.7623,B3 CVM 23264 full paginated cash history + https://api.mziq.com/mzfilemanager/v2/d/c8182463-4b7e-408c-9d0f-42797662435e/24107927-8c3d-7046-8ae8-b2c677b4ed63?origin=2; source manifests in delivery; reconciliation 2026-09-07; Ambev S.A.!A34:G34
ABEV3,B3-RI:517da0ceef30ab95097879355a78f6ed,2023-12-20,2023-12-28,0.7302,B3 CVM 23264 full paginated cash history + https://api.mziq.com/mzfilemanager/v2/d/c8182463-4b7e-408c-9d0f-42797662435e/24107927-8c3d-7046-8ae8-b2c677b4ed63?origin=2; source manifests in delivery; reconciliation 2026-09-07; Ambev S.A.!A35:G35
ABEV3,B3-RI:5dd84e7a898a9620c2ab8f938ae7b1d1,2024-12-20,2024-12-30,0.2448,B3 CVM 23264 full paginated cash history + https://api.mziq.com/mzfilemanager/v2/d/c8182463-4b7e-408c-9d0f-42797662435e/24107927-8c3d-7046-8ae8-b2c677b4ed63?origin=2; source manifests in delivery; reconciliation 2026-09-07; Ambev S.A.!A36:G36
ABEV3,B3-RI:9631dcdb3808b549b2a1c87b3667f82d,2024-12-20,2025-01-07,0.4228,B3 CVM 23264 full paginated cash history + https://api.mziq.com/mzfilemanager/v2/d/c8182463-4b7e-408c-9d0f-42797662435e/24107927-8c3d-7046-8ae8-b2c677b4ed63?origin=2; source manifests in delivery; reconciliation 2026-09-07; Ambev S.A.!A37:G37
ABEV3,B3-RI:297000f93f4d3fea4c3e1b9d386775b0,2025-03-17,2025-04-04,0.1276,B3 CVM 23264 full paginated cash history + https://api.mziq.com/mzfilemanager/v2/d/c8182463-4b7e-408c-9d0f-42797662435e/24107927-8c3d-7046-8ae8-b2c677b4ed63?origin=2; source manifests in delivery; reconciliation 2026-09-07; Ambev S.A.!A38:G38
ABEV3,B3-RI:55b8ade03a7bf85e6ee516a7e9833041,2025-05-16,2025-07-07,0.128,B3 CVM 23264 full paginated cash history + https://api.mziq.com/mzfilemanager/v2/d/c8182463-4b7e-408c-9d0f-42797662435e/24107927-8c3d-7046-8ae8-b2c677b4ed63?origin=2; source manifests in delivery; reconciliation 2026-09-07; Ambev S.A.!A39:G39
ABEV3,B3-RI:3d2c4df0ad86b1696f43d7a8ef74070c,2025-08-08,2025-10-06,0.1283,B3 CVM 23264 full paginated cash history + https://api.mziq.com/mzfilemanager/v2/d/c8182463-4b7e-408c-9d0f-42797662435e/24107927-8c3d-7046-8ae8-b2c677b4ed63?origin=2; source manifests in delivery; reconciliation 2026-09-07; Ambev S.A.!A40:G40
ABEV3,B3-RI:cbde7aa8cc5645f9699f74c62d9ef708,2025-12-19,2025-12-30,0.4612,B3 CVM 23264 full paginated cash history + https://api.mziq.com/mzfilemanager/v2/d/c8182463-4b7e-408c-9d0f-42797662435e/24107927-8c3d-7046-8ae8-b2c677b4ed63?origin=2; source manifests in delivery; reconciliation 2026-09-07; Ambev S.A.!A41:G41
